{
  "dataByBrowser": {
    "and_chr": {
      "55": 0.94975
    },
    "and_ff": {
      "50": 0
    },
    "and_uc": {
      "11": 0
    },
    "android": {
      "3": 0,
      "4": 0,
      "53": 0,
      "2.1": 0,
      "2.2": 0,
      "2.3": 0,
      "4.1": 0,
      "4.2-4.3": 0,
      "4.4": 0,
      "4.4.3-4.4.4": 0
    },
    "bb": {
      "7": 0,
      "10": 0
    },
    "chrome": {
      "4": 0,
      "5": 0,
      "6": 0,
      "7": 0,
      "8": 0,
      "9": 0,
      "10": 0,
      "11": 0,
      "12": 0,
      "13": 0,
      "14": 0,
      "15": 0,
      "16": 0,
      "17": 0,
      "18": 0,
      "19": 0,
      "20": 0,
      "21": 0,
      "22": 0,
      "23": 0,
      "24": 0.03063,
      "25": 0,
      "26": 0,
      "27": 0.03063,
      "28": 0,
      "29": 0,
      "30": 0.09191,
      "31": 0.18382,
      "32": 0.73529,
      "33": 0,
      "34": 0.09191,
      "35": 0.12254,
      "36": 0.49019,
      "37": 0,
      "38": 0,
      "39": 0.06127,
      "40": 1.5625,
      "41": 0.03063,
      "42": 0.21446,
      "43": 0.09191,
      "44": 0.03063,
      "45": 0.24509,
      "46": 0.09191,
      "47": 0.82720,
      "48": 0.24509,
      "49": 0.73529,
      "50": 1.43995,
      "51": 19.27083,
      "52": 13.32720,
      "53": 15.56372,
      "54": 19.57720,
      "55": 3.33946,
      "56": 0.24509,
      "57": 0.03063,
      "58": 0
    },
    "edge": {
      "12": 0,
      "13": 0.30637,
      "14": 0.24509,
      "15": 0.03063
    },
    "firefox": {
      "2": 0,
      "3": 0,
      "4": 0,
      "5": 0,
      "6": 0.12254,
      "7": 0,
      "8": 0,
      "9": 0,
      "10": 0,
      "11": 0,
      "12": 0,
      "13": 0,
      "14": 0,
      "15": 0,
      "16": 0,
      "17": 0,
      "18": 0,
      "19": 0,
      "20": 0,
      "21": 0.06127,
      "22": 0,
      "23": 0,
      "24": 0,
      "25": 0.09191,
      "26": 0,
      "27": 0,
      "28": 0.06127,
      "29": 0.09191,
      "30": 0,
      "31": 0,
      "32": 0,
      "33": 0,
      "34": 0.03063,
      "35": 0,
      "36": 0.03063,
      "37": 0,
      "38": 0.09191,
      "39": 0,
      "40": 0,
      "41": 0,
      "42": 0.24509,
      "43": 0.30637,
      "44": 0.06127,
      "45": 0.21446,
      "46": 0.06127,
      "47": 3.43137,
      "48": 2.11397,
      "49": 2.69607,
      "50": 1.37867,
      "51": 0.33700,
      "52": 0.15318,
      "53": 0,
      "3.5": 0,
      "3.6": 0
    },
    "ie": {
      "6": 0.09191,
      "7": 0,
      "8": 0.03063,
      "9": 0.06127,
      "10": 0.06127,
      "11": 0.58210
    },
    "ie_mob": {
      "10": 0,
      "11": 0
    },
    "ios_saf": {
      "8": 0.45955,
      "10-10.1": 0.73529,
      "3.2": 0,
      "4.0-4.1": 0,
      "4.2-4.3": 0,
      "5.0-5.1": 0.06127,
      "6.0-6.1": 0.06127,
      "7.0-7.1": 0.12254,
      "8.1-8.4": 0,
      "9.0-9.2": 0.03063,
      "9.3": 0.73529
    },
    "op_mini": {
      "all": 0
    },
    "op_mob": {
      "12": 0,
      "37": 0,
      "12.1": 0
    },
    "opera": {
      "15": 0,
      "16": 0,
      "17": 0,
      "18": 0,
      "19": 0,
      "20": 0,
      "21": 0,
      "22": 0,
      "23": 0,
      "24": 0,
      "25": 0,
      "26": 0,
      "27": 0,
      "28": 0,
      "29": 0,
      "30": 0,
      "31": 0,
      "32": 0,
      "33": 0,
      "34": 0,
      "35": 0,
      "36": 0,
      "37": 0,
      "38": 0.30637,
      "39": 0.12254,
      "40": 0,
      "41": 0.09191,
      "42": 0,
      "43": 0,
      "44": 0,
      "10.0-10.1": 0,
      "11.5": 0,
      "12.1": 0.09191
    },
    "safari": {
      "4": 0,
      "5": 0.03063,
      "6": 0,
      "7": 0.09191,
      "8": 0.03063,
      "9": 0.12254,
      "10": 1.31740,
      "3.1": 0,
      "3.2": 0,
      "5.1": 0.09191,
      "6.1": 0,
      "7.1": 0,
      "9.1": 1.25612,
      "TP": 0
    },
    "samsung": {
      "4": 0
    }
  },
  "id": "71568934|undefined",
  "meta": {
    "end_date": "2016-12-20",
    "start_date": "2016-06-20"
  },
  "name": "ptb2.me",
  "source": "google_analytics",
  "type": "custom",
  "uid": "custom.71568934|undefined"
}
